ASIN,Keywords
B09BZRDTMT,"with, piece, unstitched, silverlinen, maniyar, linen, women, rekha, jacquard, blouse, saree"
B0F8ZLHTGK,"unstitched, comes, wear, petticoat, women, pari100, top, banarasi, crafted, available, for, silk, personalityhigh, flaunt, size, dry, heavy, youthful, can, blouse, wedding, finished, complete, new, own, gorgeous, ever, brightness, pallu, easy, party, enterprise, artistically, which, simply, woven, rani, whether, including, mtr, attached, surely, festivals, have, design, they, border, perfect, clean, combination, kanjivaram, per, style, designer, buyer, saree, any, just, skilled, latest, charm, pure, stitch, running, now, sarees, sophisticated, art, zari, need, care, white, your, with, mts, special, quality, fabric, collection, makes, sari, only, mtrs, costume, high, material, from, extra, appearance, add, you, comfortable, make, soft, part, amazing, will, our, included, end, type, length, exceptional, artisans, traditional, this, function, cut, regain, are, but, off, piece, and, well, colour, the, same"
B0D4VF623W,"plain, pattern, typical, crafted, brings, for, authenticity, finest, silk, statement, what, vastram, celebration, blouse, wide, gorgeous, natural, allowing, adds, pallu, fashionable, earthy, warli, comfort, cotton, occasion, simplicity, addition, impactful, highlights, its, design, perfect, both, linning, known, style, saree, not, any, unqiue, events, roots, making, charm, very, ensemble, minimalist, running, these, nice, sarees, timeless, art, versatile, zari, care, unique, every, your, with, india, fabric, who, breathability, introducing, wants, look, makes, subtle, yet, formal, elegance, satika, tribal, where, wardrobe, from, grace, meets, exquisite, embroidery, female, shop, distinct, you, that, make, detail, touch, tribe, truly, soft, amazon, range, made, maharashtra, form, our, traditional, attention, finds, are, tussar, piece, and, choice, casual, texture, sophistication, the, beauty"
B0CZ9QTV8V,"with, piece, yatri, banarasi, wedding, sari, for, women, kanjivaram, silk, enterprise, soft, cotton, pure, blouse, saree"
B0DKY8FMFN,"unstitched, running, elevate, handwoven, jaysree, timeless, adds, pair, women, ensuring, kota, you, ethnic, comfort, eyes, that, occasion, all, make, zari, boasts, crafted, touch, embrace, ensemble, zafreen, beautifully, festive, whether, for, silk, your, with, handloom, will, event, heritage, precision, rich, fabric, included, traditional, attending, border, this, bhagalpuri, style, utmost, drapes, blouse, saree, look, complete, piece, and, captivating, indian, cynosure, linen, textiles, elegance, the, from, exquisite"
B0D3F9QDNX,"print, art, crape, delicate, offering, flower, adorned, boasts, graceful, silk, with, hue, womens, stylish, saree, prints, and, mustard, charming, the, ensemble"
B0DV357YWC,"unstitched, pair, women, mix, crafted, ways, worn, when, for, silk, much, earrings, flats, outfit, can, dressing, blouse, most, match, linen, designed, pallu, each, party, clutch, footwear, cotton, occasion, costumes, description, beautifully, significant, also, its, surely, fashion, border, saree, parts, any, play, pure, manufacturer, bangles, swornof, them, all, graceful, madhuhansh, your, with, different, fabric, collection, look, sandals, body, product, indian, role, wardrobe, from, explore, heels, add, one, entire, you, friendly, adorning, many, festive, soft, amazon, will, made, womens, this, loved, elegantly, piece, and, skin, choice, casual, the"
B0FKYD9928,"drape, comes, spun, extremely, dressed, living, women, south, jamdani, favorite, when, worn, for, silk, much, attire, outfit, without, accentuates, can, unstitch, blouse, enrubby, wedding, wide, most, remains, linen, festival, catching, incomplete, easy, give, attach, popular, cotton, occasion, serene, beautiful, bold, highlights, rich, border, durable, kanjivaram, redefines, saree, fall, any, very, why, pure, worldwide, these, sarees, see, opportunity, all, modern, magnificent, with, accentuate, draping, color, trousseau, sari, ages, indian, right, elegance, material, small, used, from, grace, town, eye, fine, craftsmen, one, you, creation, that, bright, touch, elegant, emanates, festive, woman, kanjeevaram, amazing, range, our, whose, traditional, forms, preferred, colors, this, are, choose, piece, and, well, hot, the, beauty, her"
B0BF54WCRW,"alagini, comes, features, wear, more, adds, pallu, fashionable, work, women, tussel, you, cotton, make, zari, woven, touch, when, silver, unique, instantly, stunning, your, amazing, with, glamour, rich, fashion, design, traditional, this, feels, look, are, blouse, saree, piece, and, linen, embroidered, real, the, embroidery"
B0DB8S9KW7,"alagini, add, plain, sarees, each, pair, women, comfort, cotton, crafted, graceful, woven, for, finest, your, with, will, surely, made, flats, our, this, look, ensure, blouse, saree, elegantly, wearer, piece, and, wardrobe, linen, the, premium, from, heels, embroidery"
B0D3F7JZH3,"designed, fine, these, short, sarees, each, floral, discover, presence, women, art, crape, hearts, epitome, ultimate, delicate, testament, that, adorned, exuding, sheer, embellishments, extraordinary, ignite, unmatched, colours, graceful, modern, splendor, woven, redefine, opulence, printed, for, moment, every, silk, woman, your, statement, thread, with, range, vibrant, craftsmanship, our, allure, enhance, their, collection, luxury, yourself, nothing, exclusive, set, rama, immerse, artistry, embodiment, captivate, saree, divine, motifs, and, unforgettable, intricate, elegance, making, charm, where, the, experience"
B0D45KZNYM,"piece, vruksh, style, banarasi, wedding, women, silk, kanjivaram, enterprise, soft, with, pure, blouse, saree"
B0BFHH48C5,"designed, alagini, add, each, pair, women, cotton, crafted, graceful, woven, for, beautifully, explore, your, with, amazon, will, surely, flats, traditional, collection, this, look, saree, elegantly, piece, and, wardrobe, linen, the, from, heels, embroidery"
B0DBVLNP1B,"drape, reception, nature, meticulous, note, women, epitome, banarasi, crafted, lasting, impression, for, silk, down, been, hues, haldi, due, yourself, realm, blouse, wedding, ganeshpuja, generations, weddings, passed, together, harmonious, sangeet, kind, patch, adds, canvas, each, work, symphony, occasion, leave, opulence, let, occur, luxurious, variations, masterpiece, heritage, rich, festivals, border, perfect, kanjivaram, style, saree, any, painted, making, pure, experience, ensemble, come, sarees, timeless, visual, testament, care, embrace, wish, every, your, with, indulge, vibrant, india, cocktail, elevating, mehndi, artistry, creating, utmost, intricate, impeccable, taste, elegance, where, hand, exquisite, embroidery, has, one, such, spellbound, you, delicate, that, make, dance, detail, touch, truly, please, slight, cultural, will, craftsmanship, mehrang, attention, this, through, are, showcases, piece, and, sophistication, the, beauty, may"
B0BQP39CZJ,"designed, alagini, add, each, work, women, pair, cotton, crafted, graceful, for, beautifully, explore, your, with, amazon, will, surely, flats, fabric, collection, this, look, blouse, saree, elegantly, piece, and, wardrobe, linen, embroidered, the, from, heels, embroidery"
B0FJ2YFP76,"solid, with, piece, lightweight, running, plain, weaves, handloom, traditional, for, bengal, women, use, cotton, blouse, saree, daily"
B07GWRZ29S,"piece, women, art, silk, kanchnar, with, blouse, saree"
B0CRTNTNPL,"designed, nice, shop, distinct, fashionable, best, note, women, appear, you, cotton, that, occasion, comfortable, great, make, slightly, the, brings, screen, addition, for, clothes, every, silk, your, soft, amazing, with, amazon, trends, changes, sgf11, range, different, fashion, ideal, gift, due, line, color, who, ceremony, stylish, kanjivaram, might, resolution, would, wants, look, blouse, saree, wedding, piece, and, wide, international, linen, gorgeous, casual, festival, latest, looks, wardrobe, very, from, female"
B0D8GYHB4M,"with, piece, vruksh, style, banarasi, wedding, for, women, kanjivaram, silk, enterprise, soft, sari, pure, blouse, saree"
B0C9NNN8BH,"tassels, work, women, you, occasion, which, zari, swaroski, woven, for, fancy, presenting, rekha, fashionday, with, unsttiched, maniyar, heavy, can, picked, blouse, saree, satin, piece, and, any, linen, pure, lurex"
B0CXM8L2CK,"allowing, preference, unstitched, comes, versatility, stand, timeless, women, yashika, you, ethnic, exudes, all, make, crafted, the, printed, for, addition, beautifully, whether, silk, suitable, stunning, your, luxurious, with, its, offers, out, special, made, festivals, quality, design, customize, perfect, feel, this, celebration, sure, drapes, blouse, saree, wedding, magludi, from, and, indian, festival, high, material, elegance, charm, wardrobe, occasions, grace, exquisite"
B0CRYPC7XL,"piece, banarasi, women, silk, kanjivaram, pari, sugathari, with, pure, blouse, saree, sam"
B0DNQ538X8,"chikankari, woven, sarees, linen, madhuhansh, for, women, lucknowi, with, blouse, cotton"
B0DV4HB9D2,"designed, allowing, preference, patterns, comes, unstitched, features, sarees, adds, showcasing, pallu, fit, women, enterprise, you, offering, adorned, that, occasion, zari, opulence, crafted, touch, grandeur, for, beautifully, silk, statement, soft, your, with, quality, vibrant, rich, design, customize, traditional, colors, border, paithani, smooth, kanjivaram, artistry, elaborate, style, blouse, wedding, saree, weaving, piece, and, motifs, intricate, any, chand, texture, material, making, the, premium, from, pure"
